unix_time;date;operative_system;hostname;domain;group_name;account
1677696973.793295;2023-03-01 19:56:13.793294;windows;DESKTOP-SI30CC2;DESKTOP-SI30CC2;Administrators;Administrator;
1677696973.793295;2023-03-01 19:56:13.793294;windows;DESKTOP-SI30CC2;DESKTOP-SI30CC2;Administrators;HP EliteBook 745 G2;
1677696973.793295;2023-03-01 19:56:13.793294;windows;DESKTOP-SI30CC2;DESKTOP-SI30CC2;Guests;Guest;
1677696973.793295;2023-03-01 19:56:13.793294;windows;DESKTOP-SI30CC2;DESKTOP-SI30CC2;IIS_IUSRS;IUSR;
1677696973.793295;2023-03-01 19:56:13.793294;windows;DESKTOP-SI30CC2;DESKTOP-SI30CC2;System Managed Accounts Group;DefaultAccount;
1677696973.793295;2023-03-01 19:56:13.793294;windows;DESKTOP-SI30CC2;DESKTOP-SI30CC2;Users;INTERACTIVE;
1677696973.793295;2023-03-01 19:56:13.793294;windows;DESKTOP-SI30CC2;DESKTOP-SI30CC2;Users;Authenticated Users;
1677770316.4692981;2023-03-02 16:18:36.469298;windows;DESKTOP-SI30CC2;DESKTOP-SI30CC2;Administrators;Administrator;
1677770316.4692981;2023-03-02 16:18:36.469298;windows;DESKTOP-SI30CC2;DESKTOP-SI30CC2;Administrators;HP EliteBook 745 G2;
1677770316.4692981;2023-03-02 16:18:36.469298;windows;DESKTOP-SI30CC2;DESKTOP-SI30CC2;Guests;Guest;
1677770316.4692981;2023-03-02 16:18:36.469298;windows;DESKTOP-SI30CC2;DESKTOP-SI30CC2;IIS_IUSRS;IUSR;
1677770316.4692981;2023-03-02 16:18:36.469298;windows;DESKTOP-SI30CC2;DESKTOP-SI30CC2;System Managed Accounts Group;DefaultAccount;
1677770316.4692981;2023-03-02 16:18:36.469298;windows;DESKTOP-SI30CC2;DESKTOP-SI30CC2;Users;INTERACTIVE;
1677770316.4692981;2023-03-02 16:18:36.469298;windows;DESKTOP-SI30CC2;DESKTOP-SI30CC2;Users;Authenticated Users;
1677770460.5465097;2023-03-02 16:21:00.546509;windows;DESKTOP-SI30CC2;DESKTOP-SI30CC2;Administrators;Administrator;
1677770460.5465097;2023-03-02 16:21:00.546509;windows;DESKTOP-SI30CC2;DESKTOP-SI30CC2;Administrators;HP EliteBook 745 G2;
1677770460.5465097;2023-03-02 16:21:00.546509;windows;DESKTOP-SI30CC2;DESKTOP-SI30CC2;Guests;Guest;
1677770460.5465097;2023-03-02 16:21:00.546509;windows;DESKTOP-SI30CC2;DESKTOP-SI30CC2;IIS_IUSRS;IUSR;
1677770460.5465097;2023-03-02 16:21:00.546509;windows;DESKTOP-SI30CC2;DESKTOP-SI30CC2;System Managed Accounts Group;DefaultAccount;
1677770460.5465097;2023-03-02 16:21:00.546509;windows;DESKTOP-SI30CC2;DESKTOP-SI30CC2;Users;INTERACTIVE;
1677770460.5465097;2023-03-02 16:21:00.546509;windows;DESKTOP-SI30CC2;DESKTOP-SI30CC2;Users;Authenticated Users;
1677770628.3773813;2023-03-02 16:23:48.377381;windows;DESKTOP-SI30CC2;DESKTOP-SI30CC2;Administrators;Administrator;
1677770628.3773813;2023-03-02 16:23:48.377381;windows;DESKTOP-SI30CC2;DESKTOP-SI30CC2;Administrators;HP EliteBook 745 G2;
1677770628.3773813;2023-03-02 16:23:48.377381;windows;DESKTOP-SI30CC2;DESKTOP-SI30CC2;Guests;Guest;
1677770628.3773813;2023-03-02 16:23:48.377381;windows;DESKTOP-SI30CC2;DESKTOP-SI30CC2;IIS_IUSRS;IUSR;
1677770628.3773813;2023-03-02 16:23:48.377381;windows;DESKTOP-SI30CC2;DESKTOP-SI30CC2;System Managed Accounts Group;DefaultAccount;
1677770628.3773813;2023-03-02 16:23:48.377381;windows;DESKTOP-SI30CC2;DESKTOP-SI30CC2;Users;INTERACTIVE;
1677770628.3773813;2023-03-02 16:23:48.377381;windows;DESKTOP-SI30CC2;DESKTOP-SI30CC2;Users;Authenticated Users;
1677770727.3442361;2023-03-02 16:25:27.344236;windows;DESKTOP-SI30CC2;DESKTOP-SI30CC2;Administrators;Administrator;
1677770727.3442361;2023-03-02 16:25:27.344236;windows;DESKTOP-SI30CC2;DESKTOP-SI30CC2;Administrators;HP EliteBook 745 G2;
1677770727.3442361;2023-03-02 16:25:27.344236;windows;DESKTOP-SI30CC2;DESKTOP-SI30CC2;Guests;Guest;
1677770727.3442361;2023-03-02 16:25:27.344236;windows;DESKTOP-SI30CC2;DESKTOP-SI30CC2;IIS_IUSRS;IUSR;
1677770727.3442361;2023-03-02 16:25:27.344236;windows;DESKTOP-SI30CC2;DESKTOP-SI30CC2;System Managed Accounts Group;DefaultAccount;
1677770727.3442361;2023-03-02 16:25:27.344236;windows;DESKTOP-SI30CC2;DESKTOP-SI30CC2;Users;INTERACTIVE;
1677770727.3442361;2023-03-02 16:25:27.344236;windows;DESKTOP-SI30CC2;DESKTOP-SI30CC2;Users;Authenticated Users;
1677770729.4992507;2023-03-02 16:25:29.499250;windows;DESKTOP-SI30CC2;DESKTOP-SI30CC2;Administrators;Administrator;
1677770729.4992507;2023-03-02 16:25:29.499250;windows;DESKTOP-SI30CC2;DESKTOP-SI30CC2;Administrators;HP EliteBook 745 G2;
1677770729.4992507;2023-03-02 16:25:29.499250;windows;DESKTOP-SI30CC2;DESKTOP-SI30CC2;Guests;Guest;
1677770729.4992507;2023-03-02 16:25:29.499250;windows;DESKTOP-SI30CC2;DESKTOP-SI30CC2;IIS_IUSRS;IUSR;
1677770729.4992507;2023-03-02 16:25:29.499250;windows;DESKTOP-SI30CC2;DESKTOP-SI30CC2;System Managed Accounts Group;DefaultAccount;
1677770729.4992507;2023-03-02 16:25:29.499250;windows;DESKTOP-SI30CC2;DESKTOP-SI30CC2;Users;INTERACTIVE;
1677770729.4992507;2023-03-02 16:25:29.499250;windows;DESKTOP-SI30CC2;DESKTOP-SI30CC2;Users;Authenticated Users;
1677770731.3586268;2023-03-02 16:25:31.358626;windows;DESKTOP-SI30CC2;DESKTOP-SI30CC2;Administrators;Administrator;
1677770731.3586268;2023-03-02 16:25:31.358626;windows;DESKTOP-SI30CC2;DESKTOP-SI30CC2;Administrators;HP EliteBook 745 G2;
1677770731.3586268;2023-03-02 16:25:31.358626;windows;DESKTOP-SI30CC2;DESKTOP-SI30CC2;Guests;Guest;
1677770731.3586268;2023-03-02 16:25:31.358626;windows;DESKTOP-SI30CC2;DESKTOP-SI30CC2;IIS_IUSRS;IUSR;
1677770731.3586268;2023-03-02 16:25:31.358626;windows;DESKTOP-SI30CC2;DESKTOP-SI30CC2;System Managed Accounts Group;DefaultAccount;
1677770731.3586268;2023-03-02 16:25:31.358626;windows;DESKTOP-SI30CC2;DESKTOP-SI30CC2;Users;INTERACTIVE;
1677770731.3586268;2023-03-02 16:25:31.358626;windows;DESKTOP-SI30CC2;DESKTOP-SI30CC2;Users;Authenticated Users;
1677770734.4836466;2023-03-02 16:25:34.483646;windows;DESKTOP-SI30CC2;DESKTOP-SI30CC2;Administrators;Administrator;
1677770734.4836466;2023-03-02 16:25:34.483646;windows;DESKTOP-SI30CC2;DESKTOP-SI30CC2;Administrators;HP EliteBook 745 G2;
1677770734.4836466;2023-03-02 16:25:34.483646;windows;DESKTOP-SI30CC2;DESKTOP-SI30CC2;Guests;Guest;
1677770734.4836466;2023-03-02 16:25:34.483646;windows;DESKTOP-SI30CC2;DESKTOP-SI30CC2;IIS_IUSRS;IUSR;
1677770734.4836466;2023-03-02 16:25:34.483646;windows;DESKTOP-SI30CC2;DESKTOP-SI30CC2;System Managed Accounts Group;DefaultAccount;
1677770734.4836466;2023-03-02 16:25:34.483646;windows;DESKTOP-SI30CC2;DESKTOP-SI30CC2;Users;INTERACTIVE;
1677770734.4836466;2023-03-02 16:25:34.483646;windows;DESKTOP-SI30CC2;DESKTOP-SI30CC2;Users;Authenticated Users;
1677770739.3408751;2023-03-02 16:25:39.340875;windows;DESKTOP-SI30CC2;DESKTOP-SI30CC2;Administrators;Administrator;
1677770739.3408751;2023-03-02 16:25:39.340875;windows;DESKTOP-SI30CC2;DESKTOP-SI30CC2;Administrators;HP EliteBook 745 G2;
1677770739.3408751;2023-03-02 16:25:39.340875;windows;DESKTOP-SI30CC2;DESKTOP-SI30CC2;Guests;Guest;
1677770739.3408751;2023-03-02 16:25:39.340875;windows;DESKTOP-SI30CC2;DESKTOP-SI30CC2;IIS_IUSRS;IUSR;
1677770739.3408751;2023-03-02 16:25:39.340875;windows;DESKTOP-SI30CC2;DESKTOP-SI30CC2;System Managed Accounts Group;DefaultAccount;
1677770739.3408751;2023-03-02 16:25:39.340875;windows;DESKTOP-SI30CC2;DESKTOP-SI30CC2;Users;INTERACTIVE;
1677770739.3408751;2023-03-02 16:25:39.340875;windows;DESKTOP-SI30CC2;DESKTOP-SI30CC2;Users;Authenticated Users;
1677770784.9728477;2023-03-02 16:26:24.972847;windows;DESKTOP-SI30CC2;DESKTOP-SI30CC2;Administrators;Administrator;
1677770784.9728477;2023-03-02 16:26:24.972847;windows;DESKTOP-SI30CC2;DESKTOP-SI30CC2;Administrators;HP EliteBook 745 G2;
1677770784.9728477;2023-03-02 16:26:24.972847;windows;DESKTOP-SI30CC2;DESKTOP-SI30CC2;Guests;Guest;
1677770784.9728477;2023-03-02 16:26:24.972847;windows;DESKTOP-SI30CC2;DESKTOP-SI30CC2;IIS_IUSRS;IUSR;
1677770784.9728477;2023-03-02 16:26:24.972847;windows;DESKTOP-SI30CC2;DESKTOP-SI30CC2;System Managed Accounts Group;DefaultAccount;
1677770784.9728477;2023-03-02 16:26:24.972847;windows;DESKTOP-SI30CC2;DESKTOP-SI30CC2;Users;INTERACTIVE;
1677770784.9728477;2023-03-02 16:26:24.972847;windows;DESKTOP-SI30CC2;DESKTOP-SI30CC2;Users;Authenticated Users;
1677770817.974185;2023-03-02 16:26:57.974184;windows;DESKTOP-SI30CC2;DESKTOP-SI30CC2;Administrators;Administrator;
1677770817.974185;2023-03-02 16:26:57.974184;windows;DESKTOP-SI30CC2;DESKTOP-SI30CC2;Administrators;HP EliteBook 745 G2;
1677770817.974185;2023-03-02 16:26:57.974184;windows;DESKTOP-SI30CC2;DESKTOP-SI30CC2;Guests;Guest;
1677770817.974185;2023-03-02 16:26:57.974184;windows;DESKTOP-SI30CC2;DESKTOP-SI30CC2;IIS_IUSRS;IUSR;
1677770817.974185;2023-03-02 16:26:57.974184;windows;DESKTOP-SI30CC2;DESKTOP-SI30CC2;System Managed Accounts Group;DefaultAccount;
1677770817.974185;2023-03-02 16:26:57.974184;windows;DESKTOP-SI30CC2;DESKTOP-SI30CC2;Users;INTERACTIVE;
1677770817.974185;2023-03-02 16:26:57.974184;windows;DESKTOP-SI30CC2;DESKTOP-SI30CC2;Users;Authenticated Users;
1677771143.9187298;2023-03-02 16:32:23.918729;windows;DESKTOP-SI30CC2;DESKTOP-SI30CC2;Administrators;Administrator;
1677771143.9187298;2023-03-02 16:32:23.918729;windows;DESKTOP-SI30CC2;DESKTOP-SI30CC2;Administrators;HP EliteBook 745 G2;
1677771143.9187298;2023-03-02 16:32:23.918729;windows;DESKTOP-SI30CC2;DESKTOP-SI30CC2;Guests;Guest;
1677771143.9187298;2023-03-02 16:32:23.918729;windows;DESKTOP-SI30CC2;DESKTOP-SI30CC2;IIS_IUSRS;IUSR;
1677771143.9187298;2023-03-02 16:32:23.918729;windows;DESKTOP-SI30CC2;DESKTOP-SI30CC2;System Managed Accounts Group;DefaultAccount;
1677771143.9187298;2023-03-02 16:32:23.918729;windows;DESKTOP-SI30CC2;DESKTOP-SI30CC2;Users;INTERACTIVE;
1677771143.9187298;2023-03-02 16:32:23.918729;windows;DESKTOP-SI30CC2;DESKTOP-SI30CC2;Users;Authenticated Users;
1677771288.297476;2023-03-02 16:34:48.298503;windows;DESKTOP-SI30CC2;DESKTOP-SI30CC2;Administrators;Administrator;
1677771288.297476;2023-03-02 16:34:48.298503;windows;DESKTOP-SI30CC2;DESKTOP-SI30CC2;Administrators;HP EliteBook 745 G2;
1677771288.297476;2023-03-02 16:34:48.298503;windows;DESKTOP-SI30CC2;DESKTOP-SI30CC2;Guests;Guest;
1677771288.297476;2023-03-02 16:34:48.298503;windows;DESKTOP-SI30CC2;DESKTOP-SI30CC2;IIS_IUSRS;IUSR;
1677771288.297476;2023-03-02 16:34:48.298503;windows;DESKTOP-SI30CC2;DESKTOP-SI30CC2;System Managed Accounts Group;DefaultAccount;
1677771288.297476;2023-03-02 16:34:48.298503;windows;DESKTOP-SI30CC2;DESKTOP-SI30CC2;Users;INTERACTIVE;
1677771288.297476;2023-03-02 16:34:48.298503;windows;DESKTOP-SI30CC2;DESKTOP-SI30CC2;Users;Authenticated Users;
1677771334.1743097;2023-03-02 16:35:34.174309;windows;DESKTOP-SI30CC2;DESKTOP-SI30CC2;Administrators;Administrator;
1677771334.1743097;2023-03-02 16:35:34.174309;windows;DESKTOP-SI30CC2;DESKTOP-SI30CC2;Administrators;HP EliteBook 745 G2;
1677771334.1743097;2023-03-02 16:35:34.174309;windows;DESKTOP-SI30CC2;DESKTOP-SI30CC2;Guests;Guest;
1677771334.1743097;2023-03-02 16:35:34.174309;windows;DESKTOP-SI30CC2;DESKTOP-SI30CC2;IIS_IUSRS;IUSR;
1677771334.1743097;2023-03-02 16:35:34.174309;windows;DESKTOP-SI30CC2;DESKTOP-SI30CC2;System Managed Accounts Group;DefaultAccount;
1677771334.1743097;2023-03-02 16:35:34.174309;windows;DESKTOP-SI30CC2;DESKTOP-SI30CC2;Users;INTERACTIVE;
1677771334.1743097;2023-03-02 16:35:34.174309;windows;DESKTOP-SI30CC2;DESKTOP-SI30CC2;Users;Authenticated Users;
1677771423.4440155;2023-03-02 16:37:03.444015;windows;DESKTOP-SI30CC2;DESKTOP-SI30CC2;Administrators;Administrator;
1677771423.4440155;2023-03-02 16:37:03.444015;windows;DESKTOP-SI30CC2;DESKTOP-SI30CC2;Administrators;HP EliteBook 745 G2;
1677771423.4440155;2023-03-02 16:37:03.444015;windows;DESKTOP-SI30CC2;DESKTOP-SI30CC2;Guests;Guest;
1677771423.4440155;2023-03-02 16:37:03.444015;windows;DESKTOP-SI30CC2;DESKTOP-SI30CC2;IIS_IUSRS;IUSR;
1677771423.4440155;2023-03-02 16:37:03.444015;windows;DESKTOP-SI30CC2;DESKTOP-SI30CC2;System Managed Accounts Group;DefaultAccount;
1677771423.4440155;2023-03-02 16:37:03.444015;windows;DESKTOP-SI30CC2;DESKTOP-SI30CC2;Users;INTERACTIVE;
1677771423.4440155;2023-03-02 16:37:03.444015;windows;DESKTOP-SI30CC2;DESKTOP-SI30CC2;Users;Authenticated Users;
1677771442.8578358;2023-03-02 16:37:22.857835;windows;DESKTOP-SI30CC2;DESKTOP-SI30CC2;Administrators;Administrator;
1677771442.8578358;2023-03-02 16:37:22.857835;windows;DESKTOP-SI30CC2;DESKTOP-SI30CC2;Administrators;HP EliteBook 745 G2;
1677771442.8578358;2023-03-02 16:37:22.857835;windows;DESKTOP-SI30CC2;DESKTOP-SI30CC2;Guests;Guest;
1677771442.8578358;2023-03-02 16:37:22.857835;windows;DESKTOP-SI30CC2;DESKTOP-SI30CC2;IIS_IUSRS;IUSR;
1677771442.8578358;2023-03-02 16:37:22.857835;windows;DESKTOP-SI30CC2;DESKTOP-SI30CC2;System Managed Accounts Group;DefaultAccount;
1677771442.8578358;2023-03-02 16:37:22.857835;windows;DESKTOP-SI30CC2;DESKTOP-SI30CC2;Users;INTERACTIVE;
1677771442.8578358;2023-03-02 16:37:22.857835;windows;DESKTOP-SI30CC2;DESKTOP-SI30CC2;Users;Authenticated Users;
