<?xml version='1.0' encoding='UTF-8'?>
<?xml-stylesheet type="text/css" href="style.css"?><root>
	<item>
		<unix_time>1677771442.8578358</unix_time>
		<date>2023-03-02 16:37:22.857835</date>
		<operative_system>windows</operative_system>
		<hostname>DESKTOP-SI30CC2</hostname>
		<domain>DESKTOP-SI30CC2</domain>
		<group>Administrators</group>
		<account>Administrator</account>
	</item>
	<item>
		<unix_time>1677771442.8578358</unix_time>
		<date>2023-03-02 16:37:22.857835</date>
		<operative_system>windows</operative_system>
		<hostname>DESKTOP-SI30CC2</hostname>
		<domain>DESKTOP-SI30CC2</domain>
		<group>Administrators</group>
		<account>HP EliteBook 745 G2</account>
	</item>
	<item>
		<unix_time>1677771442.8578358</unix_time>
		<date>2023-03-02 16:37:22.857835</date>
		<operative_system>windows</operative_system>
		<hostname>DESKTOP-SI30CC2</hostname>
		<domain>DESKTOP-SI30CC2</domain>
		<group>Guests</group>
		<account>Guest</account>
	</item>
	<item>
		<unix_time>1677771442.8578358</unix_time>
		<date>2023-03-02 16:37:22.857835</date>
		<operative_system>windows</operative_system>
		<hostname>DESKTOP-SI30CC2</hostname>
		<domain>DESKTOP-SI30CC2</domain>
		<group>IIS_IUSRS</group>
		<account>IUSR</account>
	</item>
	<item>
		<unix_time>1677771442.8578358</unix_time>
		<date>2023-03-02 16:37:22.857835</date>
		<operative_system>windows</operative_system>
		<hostname>DESKTOP-SI30CC2</hostname>
		<domain>DESKTOP-SI30CC2</domain>
		<group>System Managed Accounts Group</group>
		<account>DefaultAccount</account>
	</item>
	<item>
		<unix_time>1677771442.8578358</unix_time>
		<date>2023-03-02 16:37:22.857835</date>
		<operative_system>windows</operative_system>
		<hostname>DESKTOP-SI30CC2</hostname>
		<domain>DESKTOP-SI30CC2</domain>
		<group>Users</group>
		<account>INTERACTIVE</account>
	</item>
	<item>
		<unix_time>1677771442.8578358</unix_time>
		<date>2023-03-02 16:37:22.857835</date>
		<operative_system>windows</operative_system>
		<hostname>DESKTOP-SI30CC2</hostname>
		<domain>DESKTOP-SI30CC2</domain>
		<group>Users</group>
		<account>Authenticated Users</account>
	</item>
</root>