unixtimestamp;timestamp;platform;pc_name;software;location;version
1665506893.7399304;2022-10-11 18:48:13.739930;windows;DESKTOP-SI30CC2;Microsoft Office Enterprise 2007;C:\Program Files (x86)\Microsoft Office\;12.0.4518.1014
1665506893.82496;2022-10-11 18:48:13.824960;windows;DESKTOP-SI30CC2;Microsoft Office OneNote MUI (Italian) 2007;C:\Program Files (x86)\Microsoft Office\;12.0.4518.1018
1665506893.908435;2022-10-11 18:48:13.908435;windows;DESKTOP-SI30CC2;Microsoft Office InfoPath MUI (Italian) 2007;C:\Program Files (x86)\Microsoft Office\;12.0.4518.1018
1665506893.9954371;2022-10-11 18:48:13.995437;windows;DESKTOP-SI30CC2;Microsoft Office Access MUI (Italian) 2007;C:\Program Files (x86)\Microsoft Office\;12.0.4518.1018
1665506894.0888133;2022-10-11 18:48:14.088813;windows;DESKTOP-SI30CC2;Microsoft Office Excel MUI (Italian) 2007;C:\Program Files (x86)\Microsoft Office\;12.0.4518.1018
1665506894.1689749;2022-10-11 18:48:14.168974;windows;DESKTOP-SI30CC2;Microsoft Office PowerPoint MUI (Italian) 2007;C:\Program Files (x86)\Microsoft Office\;12.0.4518.1018
1665506894.2729418;2022-10-11 18:48:14.272941;windows;DESKTOP-SI30CC2;Microsoft Office Publisher MUI (Italian) 2007;C:\Program Files (x86)\Microsoft Office\;12.0.4518.1018
1665506894.3491826;2022-10-11 18:48:14.349182;windows;DESKTOP-SI30CC2;Microsoft Office Outlook MUI (Italian) 2007;C:\Program Files (x86)\Microsoft Office\;12.0.4518.1018
1665506894.4317982;2022-10-11 18:48:14.431798;windows;DESKTOP-SI30CC2;Microsoft Office Office 64-bit Components 2007;C:\Program Files (x86)\Microsoft Office\;12.0.4518.1014
1665506894.5150146;2022-10-11 18:48:14.515014;windows;DESKTOP-SI30CC2;Microsoft Office Shared 64-bit MUI (Italian) 2007;C:\Program Files (x86)\Microsoft Office\;12.0.4518.1018
1665506894.604014;2022-10-11 18:48:14.604013;windows;DESKTOP-SI30CC2;Microsoft Office Groove MUI (Italian) 2007;C:\Program Files (x86)\Microsoft Office\;12.0.4518.1018
1665506894.708015;2022-10-11 18:48:14.708014;windows;DESKTOP-SI30CC2;Microsoft Office Word MUI (Italian) 2007;C:\Program Files (x86)\Microsoft Office\;12.0.4518.1018
1665506894.7877479;2022-10-11 18:48:14.787747;windows;DESKTOP-SI30CC2;Microsoft Office Proofing (Italian) 2007;C:\Program Files (x86)\Microsoft Office\;12.0.4518.1018
1665506894.9129286;2022-10-11 18:48:14.912928;windows;DESKTOP-SI30CC2;Microsoft Office Shared MUI (Italian) 2007;C:\Program Files (x86)\Microsoft Office\;12.0.4518.1018
1665506894.975285;2022-10-11 18:48:14.975284;windows;DESKTOP-SI30CC2;Microsoft Office Proof (Italian) 2007;C:\Program Files (x86)\Microsoft Office\;12.0.4518.1018
1665506895.0728564;2022-10-11 18:48:15.072856;windows;DESKTOP-SI30CC2;Microsoft Office Proof (German) 2007;C:\Program Files (x86)\Microsoft Office\;12.0.4518.1014
1665506895.1567235;2022-10-11 18:48:15.156723;windows;DESKTOP-SI30CC2;Microsoft Office Proof (English) 2007;C:\Program Files (x86)\Microsoft Office\;12.0.4518.1014
1665506895.251511;2022-10-11 18:48:15.251511;windows;DESKTOP-SI30CC2;Microsoft Office Proof (French) 2007;C:\Program Files (x86)\Microsoft Office\;12.0.4518.1014
1665506895.2669995;2022-10-11 18:48:15.266999;windows;DESKTOP-SI30CC2;Supporto iPod;C:\Program Files\iPod\;120.7.3.55
1665506895.596732;2022-10-11 18:48:15.596731;windows;DESKTOP-SI30CC2;MSXML 4.0 SP3 Parser;C:\WINDOWS\SysWOW64\;4.30.2100.0
1665506895.6438773;2022-10-11 18:48:15.643877;windows;DESKTOP-SI30CC2;Java 8 Update 341;C:\Program Files (x86)\Java\jre1.8.0_341\;8.0.3410.10
1665506895.679385;2022-10-11 18:48:15.679384;windows;DESKTOP-SI30CC2;Adobe Reader X (10.1.16) - Italiano;C:\Program Files (x86)\Adobe\Reader 10.0\Reader\;10.1.16
1665506895.6949751;2022-10-11 18:48:15.694975;windows;DESKTOP-SI30CC2;Distortion Control Data;C:\Users\Public\Desktop\Nikon\;1.00.0000
1665506895.7257228;2022-10-11 18:48:15.725723;windows;DESKTOP-SI30CC2;Pandoc 2.16.2;C:\Program Files\Pandoc\;2.16.2
1665506895.7617233;2022-10-11 18:48:15.761723;windows;DESKTOP-SI30CC2;AWP v4.4.5 64-bit - SR2;C:\Program Files (x86)\Oberthur Technologies\AWP\;4.4.5
